/*
Insert initial OPEN finding
*/
INSERT INTO targets VALUES ('a0000000-0000-0000-0000-000000000001', 'www.initial.example.com');
INSERT INTO target_tags VALUES('a0000000-0000-0000-0000-000000000001', 'adrn:adevinta:team:initial');
INSERT INTO sources VALUES ('b0000000-0000-0000-0000-000000000001', 'vulcan', 'vulcan-initial-check', '00000000-0000-0000-0000-000000000000', '{}', '2020-01-01 00:00:00', 'a0000000-0000-0000-0000-000000000001');
INSERT INTO issues VALUES ('c0000000-0000-0000-0000-000000000001', 'Initial issue', 1, 'Initial issue description', NULL, '{}');
INSERT INTO source_issues VALUES ('b0000000-0000-0000-0000-000000000001', 'c0000000-0000-0000-0000-000000000001');
INSERT INTO findings VALUES ('f0000000-0000-0000-0000-000000000001', 'c0000000-0000-0000-0000-000000000001', 'a0000000-0000-0000-0000-000000000001', 'OPEN', '', NULL, 7, '');
INSERT INTO finding_events VALUES ('f0000000-0000-0000-0000-000000000001', 'b0000000-0000-0000-0000-000000000001', '2020-01-01 00:00:00', 'fe000000-0000-0000-0000-000000000001', 7);
INSERT INTO finding_exposures VALUES ('f0000000-0000-0000-0000-000000000001', '2020-01-01 00:00:00', NULL, NULL);

/*
Insert initial FIXED finding
*/
INSERT INTO targets VALUES ('a0000000-0000-0000-0000-000000000002', 'www.initial.fixed.example.com');
INSERT INTO target_tags VALUES('a0000000-0000-0000-0000-000000000002', 'adrn:adevinta:team:fixed');
INSERT INTO sources VALUES ('b0000000-0000-0000-0000-000000000002', 'vulcan', 'vulcan-initial-fixed-check', 'ffffffff-ffff-ffff-ffff-ffffffffffff', '{}', '2020-01-01 01:00:00', 'a0000000-0000-0000-0000-000000000002');
INSERT INTO issues VALUES ('c0000000-0000-0000-0000-000000000002', 'Initial fixed issue', 2, 'Initial fixed issue description', NULL, '{}');
INSERT INTO source_issues VALUES ('b0000000-0000-0000-0000-000000000002', 'c0000000-0000-0000-0000-000000000002');
INSERT INTO findings VALUES ('f0000000-0000-0000-0000-000000000002', 'c0000000-0000-0000-0000-000000000002', 'a0000000-0000-0000-0000-000000000002', 'OPEN', '', NULL, 9, '');
INSERT INTO finding_events VALUES ('f0000000-0000-0000-0000-000000000002', 'b0000000-0000-0000-0000-000000000002', '2020-01-01 01:00:00', 'fe000000-0000-0000-0000-000000000002', 9);
INSERT INTO finding_exposures VALUES ('f0000000-0000-0000-0000-000000000002', '2020-01-01 01:00:00', NULL, NULL);
/* Simulate FIXED event */
INSERT INTO sources VALUES ('b0000000-0000-0000-0000-00000000002b', 'vulcan', 'vulcan-initial-fixed-check', 'ffffffff-ffff-ffff-ffff-fffffffffff2', '{}', '2020-01-02 01:00:00', 'a0000000-0000-0000-0000-000000000002');
UPDATE findings SET status = 'FIXED' WHERE id = 'f0000000-0000-0000-0000-000000000002';
UPDATE finding_exposures SET fixed_at = '2020-01-02 01:00:00', ttr = 24 WHERE finding_id = 'f0000000-0000-0000-0000-000000000002' AND found_at = '2020-01-01 01:00:00';

/*
Insert initial EXPIRED finding
*/
INSERT INTO targets VALUES ('a0000000-0000-0000-0000-000000000003', 'www.initial.expired.example.com');
INSERT INTO target_tags VALUES('a0000000-0000-0000-0000-000000000003', 'adrn:adevinta:team:expired');
INSERT INTO sources VALUES ('b0000000-0000-0000-0000-000000000003', 'vulcan', 'vulcan-initial-expired-check', 'eeeeeeee-eeee-eeee-eeee-eeeeeeeeeeee', '{}', '2020-01-01 01:00:00', 'a0000000-0000-0000-0000-000000000003');
INSERT INTO issues VALUES ('c0000000-0000-0000-0000-000000000003', 'Initial expired issue', 2, 'Initial expired issue description', NULL, '{}');
INSERT INTO source_issues VALUES ('b0000000-0000-0000-0000-000000000003', 'c0000000-0000-0000-0000-000000000003');
INSERT INTO findings VALUES ('f0000000-0000-0000-0000-000000000003', 'c0000000-0000-0000-0000-000000000003', 'a0000000-0000-0000-0000-000000000003', 'EXPIRED', '', NULL, 9, '');
INSERT INTO finding_events VALUES ('f0000000-0000-0000-0000-000000000003', 'b0000000-0000-0000-0000-000000000003', '2020-01-01 01:00:00', 'fe000000-0000-0000-0000-000000000003', 9);
INSERT INTO finding_exposures VALUES ('f0000000-0000-0000-0000-000000000003', '2020-01-01 01:00:00', NULL, NULL, '2020-03-01 01:00:00');
