/*
Insert initial OPEN finding
*/
INSERT INTO targets VALUES ('a0000000-0000-0000-0000-000000000001', 'www.initial.example.com');
INSERT INTO target_tags VALUES('a0000000-0000-0000-0000-000000000001', 'adrn:adevinta:team:initial');
INSERT INTO target_teams VALUES('a0000000-0000-0000-0000-000000000001', '49ec37f7-ae5a-4033-ad9a-932e463ae346');
INSERT INTO sources VALUES ('b0000000-0000-0000-0000-000000000001', 'vulcan', 'vulcan-initial-check', '00000000-0000-0000-0000-000000000000', '{}', '2020-01-01 00:00:00', 'a0000000-0000-0000-0000-000000000001');
INSERT INTO issues VALUES ('c0000000-0000-0000-0000-000000000001', 'Initial issue', 1, 'Initial issue description', NULL, '{}');
INSERT INTO source_issues VALUES ('b0000000-0000-0000-0000-000000000001', 'c0000000-0000-0000-0000-000000000001');
INSERT INTO findings VALUES ('f0000000-0000-0000-0000-000000000001', 'c0000000-0000-0000-0000-000000000001', 'a0000000-0000-0000-0000-000000000001', 'OPEN', '', NULL, 7, '', 'www.initial.example.com', 'NOT_PROVIDED');
INSERT INTO finding_events VALUES ('f0000000-0000-0000-0000-000000000001', 'b0000000-0000-0000-0000-000000000001', '2020-01-01 00:00:00', 'fe000000-0000-0000-0000-000000000001', 7, '', NULL, 'NOT_PROVIDED');
INSERT INTO finding_exposures VALUES ('f0000000-0000-0000-0000-000000000001', '2020-01-01 00:00:00', NULL, NULL);

/*
Insert initial FIXED finding
*/
INSERT INTO targets VALUES ('a0000000-0000-0000-0000-000000000002', 'www.initial.fixed.example.com');
INSERT INTO target_tags VALUES('a0000000-0000-0000-0000-000000000002', 'adrn:adevinta:team:fixed');
INSERT INTO target_teams VALUES('a0000000-0000-0000-0000-000000000002', '75b6a216-64f5-4233-b23b-2f2b6be5f5c0');
INSERT INTO sources VALUES ('b0000000-0000-0000-0000-000000000002', 'vulcan', 'vulcan-initial-fixed-check', 'ffffffff-ffff-ffff-ffff-ffffffffffff', '{}', '2020-01-01 01:00:00', 'a0000000-0000-0000-0000-000000000002');
INSERT INTO issues VALUES ('c0000000-0000-0000-0000-000000000002', 'Initial fixed issue', 2, 'Initial fixed issue description', NULL, '{}');
INSERT INTO source_issues VALUES ('b0000000-0000-0000-0000-000000000002', 'c0000000-0000-0000-0000-000000000002');
INSERT INTO findings VALUES ('f0000000-0000-0000-0000-000000000002', 'c0000000-0000-0000-0000-000000000002', 'a0000000-0000-0000-0000-000000000002', 'OPEN', '', NULL, 9, '', 'arn:aws:ec2:region:777788889999:sg/sg-11223344556677889', 'NOT_PROVIDED');
INSERT INTO finding_events VALUES ('f0000000-0000-0000-0000-000000000002', 'b0000000-0000-0000-0000-000000000002', '2020-01-01 01:00:00', 'fe000000-0000-0000-0000-000000000002', 9, '', NULL, 'NOT_PROVIDED');
INSERT INTO finding_exposures VALUES ('f0000000-0000-0000-0000-000000000002', '2020-01-01 01:00:00', NULL, NULL);
/* Simulate FIXED event */
INSERT INTO sources VALUES ('b0000000-0000-0000-0000-00000000002b', 'vulcan', 'vulcan-initial-fixed-check', 'ffffffff-ffff-ffff-ffff-fffffffffff2', '{}', '2020-01-02 01:00:00', 'a0000000-0000-0000-0000-000000000002');
UPDATE findings SET status = 'FIXED' WHERE id = 'f0000000-0000-0000-0000-000000000002';
UPDATE finding_exposures SET fixed_at = '2020-01-02 01:00:00', ttr = 24 WHERE finding_id = 'f0000000-0000-0000-0000-000000000002' AND found_at = '2020-01-01 01:00:00';

/*
Insert initial EXPIRED finding
*/
INSERT INTO targets VALUES ('a0000000-0000-0000-0000-000000000003', 'www.initial.expired.example.com');
INSERT INTO target_tags VALUES('a0000000-0000-0000-0000-000000000003', 'adrn:adevinta:team:expired');
INSERT INTO target_teams VALUES('a0000000-0000-0000-0000-000000000003', '94873016-0a71-45f7-8111-a6edf2433656');
INSERT INTO sources VALUES ('b0000000-0000-0000-0000-000000000003', 'vulcan', 'vulcan-initial-expired-check', 'eeeeeeee-eeee-eeee-eeee-eeeeeeeeeeee', '{}', '2020-01-01 01:00:00', 'a0000000-0000-0000-0000-000000000003');
INSERT INTO issues VALUES ('c0000000-0000-0000-0000-000000000003', 'Initial expired issue', 2, 'Initial expired issue description', NULL, '{}');
INSERT INTO source_issues VALUES ('b0000000-0000-0000-0000-000000000003', 'c0000000-0000-0000-0000-000000000003');
INSERT INTO findings VALUES ('f0000000-0000-0000-0000-000000000003', 'c0000000-0000-0000-0000-000000000003', 'a0000000-0000-0000-0000-000000000003', 'EXPIRED', '', NULL, 9, '', 'www.initial.expired.example.com', 'NOT_PROVIDED');
INSERT INTO finding_events VALUES ('f0000000-0000-0000-0000-000000000003', 'b0000000-0000-0000-0000-000000000003', '2020-01-01 01:00:00', 'fe000000-0000-0000-0000-000000000003', 9, '', NULL, 'NOT_PROVIDED');
INSERT INTO finding_exposures VALUES ('f0000000-0000-0000-0000-000000000003', '2020-01-01 01:00:00', NULL, NULL, '2020-03-01 01:00:00');

/*
Insert initial FALSE_POSITIVE finding
*/
INSERT INTO targets VALUES ('a0000000-0000-0000-0000-000000000004', 'www.initial.false.positive.example.com');
INSERT INTO target_tags VALUES('a0000000-0000-0000-0000-000000000004', 'adrn:adevinta:team:falsepositive');
INSERT INTO target_teams VALUES('a0000000-0000-0000-0000-000000000004', '3df99030-9097-4f40-88b3-b8f43f1eac43');
INSERT INTO sources VALUES ('b0000000-0000-0000-0000-000000000004', 'vulcan', 'vulcan-initial-false-positive-check', 'eeeeeeee-eeee-eeee-eeee-eeeeeeeeeee4', '{}', '2020-01-01 01:00:00', 'a0000000-0000-0000-0000-000000000004');
INSERT INTO issues VALUES ('c0000000-0000-0000-0000-000000000004', 'Initial false positive issue', 2, 'Initial false positive description', NULL, '{}');
INSERT INTO source_issues VALUES ('b0000000-0000-0000-0000-000000000004', 'c0000000-0000-0000-0000-000000000004');
INSERT INTO findings VALUES ('f0000000-0000-0000-0000-000000000004', 'c0000000-0000-0000-0000-000000000004', 'a0000000-0000-0000-0000-000000000004', 'FALSE_POSITIVE', '', NULL, 9, '', 'www.initial.false.positive.example.com', 'NOT_PROVIDED');
INSERT INTO finding_events VALUES ('f0000000-0000-0000-0000-000000000004', 'b0000000-0000-0000-0000-000000000004', '2020-01-01 01:00:00', 'fe000000-0000-0000-0000-000000000004', 9, '', NULL, 'NOT_PROVIDED');
INSERT INTO finding_exposures VALUES ('f0000000-0000-0000-0000-000000000004', '2020-01-01 01:00:00', NULL, NULL);

/*
Insert initial FALSE_POSITIVE finding - previsouly FIXED
*/
INSERT INTO targets VALUES ('a0000000-0000-0000-0000-000000000005', 'www.initial.false.positive.2.example.com');
INSERT INTO target_tags VALUES('a0000000-0000-0000-0000-000000000005', 'adrn:adevinta:team:falsepositive');
INSERT INTO target_teams VALUES('a0000000-0000-0000-0000-000000000005', 'ead55f46-9e2e-426d-8179-f5d687602ec1');
INSERT INTO sources VALUES ('b0000000-0000-0000-0000-000000000005', 'vulcan', 'vulcan-initial-false-positive-check', 'eeeeeeee-eeee-eeee-eeee-eeeeeeeeeee5', '{}', '2020-01-01 01:00:00', 'a0000000-0000-0000-0000-000000000005');
/* Simulate FIXED event */
INSERT INTO sources VALUES ('b0000000-0000-0000-0000-000000000055', 'vulcan', 'vulcan-initial-false-positive-check', 'eeeeeeee-eeee-eeee-eeee-eeeeeeeeee55', '{}', '2020-01-01 02:00:00', 'a0000000-0000-0000-0000-000000000005');
INSERT INTO source_issues VALUES ('b0000000-0000-0000-0000-000000000005', 'c0000000-0000-0000-0000-000000000004');
INSERT INTO findings VALUES ('f0000000-0000-0000-0000-000000000005', 'c0000000-0000-0000-0000-000000000004', 'a0000000-0000-0000-0000-000000000005', 'FALSE_POSITIVE', '', NULL, 9, '', 'www.initial.false.positive.2.example.com', 'NOT_PROVIDED');
INSERT INTO finding_events VALUES ('f0000000-0000-0000-0000-000000000005', 'b0000000-0000-0000-0000-000000000005', '2020-01-01 01:00:00', 'fe000000-0000-0000-0000-000000000005', 9, '', NULL, 'NOT_PROVIDED');
INSERT INTO finding_exposures VALUES ('f0000000-0000-0000-0000-000000000005', '2020-01-01 01:00:00', '2020-01-01 02:00:00', 1);

/*
Insert initial OPEN v1 model finding
*/
INSERT INTO targets VALUES ('a0000000-0000-0000-0000-000000000006', 'www.model.test.example.com');
INSERT INTO target_tags VALUES('a0000000-0000-0000-0000-000000000006', 'adrn:adevinta:team:model');
INSERT INTO target_teams VALUES('a0000000-0000-0000-0000-000000000006', 'afac6155-ccd0-4f6a-825f-4a629da86fed');
INSERT INTO sources VALUES ('b0000000-0000-0000-0000-000000000006', 'vulcan', 'vulcan-model-check', 'aaaaaaaa-0000-0000-0000-000000000001', '{}', '2021-01-20 16:03:25', 'a0000000-0000-0000-0000-000000000006');
INSERT INTO issues VALUES ('c0000000-0000-0000-0000-000000000006', 'Exposed SSH Ports', 1, 'An SSH port is accessible from the public internet', NULL, '{}');
INSERT INTO source_issues VALUES ('b0000000-0000-0000-0000-000000000006', 'c0000000-0000-0000-0000-000000000006');
INSERT INTO findings VALUES ('f0000000-0000-0000-0000-000000000006', 'c0000000-0000-0000-0000-000000000006', 'a0000000-0000-0000-0000-000000000006', 'OPEN', 'Exposed SSH Port in 22', NULL, 7, '', 'www.model.test.example.com', 'NOT_PROVIDED');
INSERT INTO finding_events VALUES ('f0000000-0000-0000-0000-000000000006', 'b0000000-0000-0000-0000-000000000006', '2021-01-20 16:03:25', 'fe000000-0000-0000-0000-000000000006', 7, 'Exposed SSH Port in 22', NULL, 'NOT_PROVIDED');
INSERT INTO finding_exposures VALUES ('f0000000-0000-0000-0000-000000000006', '2021-01-20 16:03:25', NULL, NULL);

/*
Insert initial OPEN v1 model finding bis
*/
INSERT INTO targets VALUES ('a0000000-0000-0000-0000-000000000007', 'www.model.test.bis.example.com');
INSERT INTO target_tags VALUES('a0000000-0000-0000-0000-000000000007', 'adrn:adevinta:team:modelbis');
INSERT INTO target_teams VALUES('a0000000-0000-0000-0000-000000000007', 'c7a2e767-9de5-4269-a88f-e64d9943e2ce');
INSERT INTO sources VALUES ('b0000000-0000-0000-0000-000000000007', 'vulcan', 'vulcan-model-bis-check', 'aaaaaaaa-0000-0000-0000-000000000011', '{}', '2021-02-20 16:03:25', 'a0000000-0000-0000-0000-000000000007');
INSERT INTO issues VALUES ('c0000000-0000-0000-0000-000000000007', 'Certificate Host Mismatch', 1, 'Certificate Host Mismatch Mock Desc', NULL, '{}');
INSERT INTO source_issues VALUES ('b0000000-0000-0000-0000-000000000007', 'c0000000-0000-0000-0000-000000000007');
INSERT INTO findings VALUES ('f0000000-0000-0000-0000-000000000007', 'c0000000-0000-0000-0000-000000000007', 'a0000000-0000-0000-0000-000000000007', 'OPEN', '', NULL, 7, '', 'www.model.test.bis.example.com', 'mockV2FingerPrint');
INSERT INTO finding_events VALUES ('f0000000-0000-0000-0000-000000000007', 'b0000000-0000-0000-0000-000000000007', '2021-02-20 16:03:25', 'fe000000-0000-0000-0000-000000000007', 7, '', NULL, 'NOT_PROVIDED');
INSERT INTO finding_exposures VALUES ('f0000000-0000-0000-0000-000000000007', '2021-02-20 16:03:25', NULL, NULL);
/* Mock v2 model finding event */
INSERT INTO sources VALUES ('b0000000-0000-0000-0000-000000000077', 'vulcan', 'vulcan-model-bis-check', 'aaaaaaaa-0000-0000-0000-000000000022', '{}', '2021-02-22 02:00:00', 'a0000000-0000-0000-0000-000000000007');
INSERT INTO finding_events VALUES ('f0000000-0000-0000-0000-000000000007', 'b0000000-0000-0000-0000-000000000077', '2021-02-22 02:00:00', 'fe000000-0000-0000-0000-000000000077', 7, '', NULL, 'mockV2FingerPrint');

/*
Insert initial OPEN v2 finding
*/
INSERT INTO targets VALUES ('a0000000-0000-0000-0000-000000000008', 'www.initial.v2.example.com');
INSERT INTO target_tags VALUES('a0000000-0000-0000-0000-000000000008', 'adrn:adevinta:team:initialv2');
INSERT INTO target_teams VALUES('a0000000-0000-0000-0000-000000000008', 'f74ad58a-2a07-4dfc-b744-c2afa393862a');
INSERT INTO sources VALUES ('b0000000-0000-0000-0000-000000000008', 'vulcan', 'vulcan-initial-v2-check', 'bbbbbbbb-0000-0000-0000-000000000000', '{}', '2020-01-01 00:00:00', 'a0000000-0000-0000-0000-000000000008');
INSERT INTO issues VALUES ('c0000000-0000-0000-0000-000000000008', 'Initial issue v2', 1, 'Initial issue v2 description', NULL, '{}');
INSERT INTO source_issues VALUES ('b0000000-0000-0000-0000-000000000008', 'c0000000-0000-0000-0000-000000000008');
INSERT INTO findings VALUES ('f0000000-0000-0000-0000-000000000008', 'c0000000-0000-0000-0000-000000000008', 'a0000000-0000-0000-0000-000000000008', 'OPEN', '', NULL, 7, '', 'arn:aws:ec2:region:777788889999:vpc/vpc-11223344556677889', 'v2InitialFP');
INSERT INTO finding_events VALUES ('f0000000-0000-0000-0000-000000000008', 'b0000000-0000-0000-0000-000000000008', '2020-01-01 00:00:00', 'fe000000-0000-0000-0000-000000000008', 7, '', NULL, 'v2InitialFP');
INSERT INTO finding_exposures VALUES ('f0000000-0000-0000-0000-000000000008', '2020-01-01 00:00:00', NULL, NULL);

/*
Insert initial FIXED v2 finding
*/
INSERT INTO targets VALUES ('a0000000-0000-0000-0000-000000000009', 'www.initial.fixed.v2.example.com');
INSERT INTO target_tags VALUES('a0000000-0000-0000-0000-000000000009', 'adrn:adevinta:team:fixedv2');
INSERT INTO target_teams VALUES('a0000000-0000-0000-0000-000000000009', 'ef8e6131-a433-465e-a5b2-411424bfc3d2');
INSERT INTO sources VALUES ('b0000000-0000-0000-0000-000000000009', 'vulcan', 'vulcan-initial-fixed-v2-check', 'ffffffff-ffff-ffff-ffff-fffffffffffb', '{}', '2020-01-01 01:00:00', 'a0000000-0000-0000-0000-000000000009');
INSERT INTO issues VALUES ('c0000000-0000-0000-0000-000000000009', 'Initial fixed issue v2', 2, 'Initial fixed issue description v2', NULL, '{}');
INSERT INTO source_issues VALUES ('b0000000-0000-0000-0000-000000000009', 'c0000000-0000-0000-0000-000000000009');
INSERT INTO findings VALUES ('f0000000-0000-0000-0000-000000000009', 'c0000000-0000-0000-0000-000000000009', 'a0000000-0000-0000-0000-000000000009', 'OPEN', '', NULL, 9, '', 'arn:aws:ec2:region:777788889999:sg/sg-11223344556677889', 'v2FixedFP');
INSERT INTO finding_events VALUES ('f0000000-0000-0000-0000-000000000009', 'b0000000-0000-0000-0000-000000000009', '2020-01-01 01:00:00', 'fe000000-0000-0000-0000-0000000000b2', 9, '', NULL, 'v2FixedFP');
INSERT INTO finding_exposures VALUES ('f0000000-0000-0000-0000-000000000009', '2020-01-01 01:00:00', NULL, NULL);
/* Simulate FIXED event */
INSERT INTO sources VALUES ('b0000000-0000-0000-0000-000000000b2b', 'vulcan', 'vulcan-initial-fixed-v2-check', 'ffffffff-ffff-ffff-ffff-ffffffffffb2', '{}', '2020-01-02 01:00:00', 'a0000000-0000-0000-0000-000000000009');
UPDATE findings SET status = 'FIXED' WHERE id = 'f0000000-0000-0000-0000-000000000009';
UPDATE finding_exposures SET fixed_at = '2020-01-02 01:00:00', ttr = 24 WHERE finding_id = 'f0000000-0000-0000-0000-000000000009' AND found_at = '2020-01-01 01:00:00';

/*
Insert initial EXPIRED v2 finding
*/
INSERT INTO targets VALUES ('a0000000-0000-0000-0000-000000000010', 'www.initial.expired.v2.example.com');
INSERT INTO target_tags VALUES('a0000000-0000-0000-0000-000000000010', 'adrn:adevinta:team:expiredv2');
INSERT INTO target_teams VALUES('a0000000-0000-0000-0000-000000000010', '0df7b761-cfbb-4626-9d4e-329ed2e4d3af');
INSERT INTO sources VALUES ('b0000000-0000-0000-0000-000000000010', 'vulcan', 'vulcan-initial-expired-v2-check', 'eeeeeeee-eeee-eeee-eeee-eeeeeeeeeeeb', '{}', '2020-01-01 01:00:00', 'a0000000-0000-0000-0000-000000000010');
INSERT INTO issues VALUES ('c0000000-0000-0000-0000-000000000010', 'Initial expired issue v2', 2, 'Initial expired issue description v2', NULL, '{}');
INSERT INTO source_issues VALUES ('b0000000-0000-0000-0000-000000000010', 'c0000000-0000-0000-0000-000000000010');
INSERT INTO findings VALUES ('f0000000-0000-0000-0000-000000000010', 'c0000000-0000-0000-0000-000000000010', 'a0000000-0000-0000-0000-000000000010', 'EXPIRED', '', NULL, 9, '', 'arn:aws:ec2:region:777788889999:sg/sg-1111', 'v2ExpiredFP');
INSERT INTO finding_events VALUES ('f0000000-0000-0000-0000-000000000010', 'b0000000-0000-0000-0000-000000000010', '2020-01-01 01:00:00', 'fe000000-0000-0000-0000-000000000010', 9, '', NULL, 'v2ExpiredFP');
INSERT INTO finding_exposures VALUES ('f0000000-0000-0000-0000-000000000010', '2020-01-01 01:00:00', NULL, NULL, '2020-03-01 01:00:00');

/*
Insert initial FALSE_POSITIVE v2 finding
*/
INSERT INTO targets VALUES ('a0000000-0000-0000-0000-000000000011', 'www.initial.false.positive.v2.example.com');
INSERT INTO target_tags VALUES('a0000000-0000-0000-0000-000000000011', 'adrn:adevinta:team:falsepositivev2');
INSERT INTO target_teams VALUES('a0000000-0000-0000-0000-000000000011', 'bd142c6f-3b69-4180-a4ed-d27d74d43d4f');
INSERT INTO sources VALUES ('b0000000-0000-0000-0000-000000000011', 'vulcan', 'vulcan-initial-false-positive-v2-check', 'eeeeeeee-eeee-eeee-eeee-eeeeeeeeee11', '{}', '2020-01-01 01:00:00', 'a0000000-0000-0000-0000-000000000011');
INSERT INTO issues VALUES ('c0000000-0000-0000-0000-000000000011', 'Initial false positive issue v2', 2, 'Initial false positive description v2', NULL, '{}');
INSERT INTO source_issues VALUES ('b0000000-0000-0000-0000-000000000011', 'c0000000-0000-0000-0000-000000000011');
INSERT INTO findings VALUES ('f0000000-0000-0000-0000-000000000011', 'c0000000-0000-0000-0000-000000000011', 'a0000000-0000-0000-0000-000000000011', 'FALSE_POSITIVE', '', NULL, 9, '', 'arn:aws:ec2:region:777788889999:sg/sg-FFFF', 'v2FalseFP');
INSERT INTO finding_events VALUES ('f0000000-0000-0000-0000-000000000011', 'b0000000-0000-0000-0000-000000000011', '2020-01-01 01:00:00', 'fe000000-0000-0000-0000-000000000011', 9, '', NULL, 'v2FalseFP');
INSERT INTO finding_exposures VALUES ('f0000000-0000-0000-0000-000000000011', '2020-01-01 01:00:00', NULL, NULL);

/*
Insert initial FALSE_POSITIVE v2 finding - previsouly FIXED
*/
INSERT INTO targets VALUES ('a0000000-0000-0000-0000-000000000012', 'www.initial.false.positive.2.v2.example.com');
INSERT INTO target_tags VALUES('a0000000-0000-0000-0000-000000000012', 'adrn:adevinta:team:falsepositivev2');
INSERT INTO target_teams VALUES('a0000000-0000-0000-0000-000000000012', '45b632ef-6c8e-4655-8d50-7f6e7b614835');
INSERT INTO sources VALUES ('b0000000-0000-0000-0000-000000000012', 'vulcan', 'vulcan-initial-false-positive-v2-check', 'eeeeeeee-eeee-eeee-eeee-eeeeeeeeeeb5', '{}', '2020-01-01 01:00:00', 'a0000000-0000-0000-0000-000000000012');
/* Simulate FIXED event */
INSERT INTO sources VALUES ('b0000000-0000-0000-0000-000000000056', 'vulcan', 'vulcan-initial-false-positive-v2-check', 'eeeeeeee-eeee-eeee-eeee-eeeeeeeeee56', '{}', '2020-01-01 02:00:00', 'a0000000-0000-0000-0000-000000000012');
INSERT INTO source_issues VALUES ('b0000000-0000-0000-0000-000000000012', 'c0000000-0000-0000-0000-000000000011');
INSERT INTO findings VALUES ('f0000000-0000-0000-0000-000000000012', 'c0000000-0000-0000-0000-000000000011', 'a0000000-0000-0000-0000-000000000012', 'FALSE_POSITIVE', '', NULL, 9, '', 'arn:aws:ec2:region:777788889999:sg/sg-FFF2', 'v2FalseFixedFP');
INSERT INTO finding_events VALUES ('f0000000-0000-0000-0000-000000000012', 'b0000000-0000-0000-0000-000000000012', '2020-01-01 01:00:00', 'fe000000-0000-0000-0000-000000000012', 9, '', NULL, 'v2FalseFixedFP');
INSERT INTO finding_exposures VALUES ('f0000000-0000-0000-0000-000000000012', '2020-01-01 01:00:00', '2020-01-01 02:00:00', 1);

/*
Insert two initial OPEN v2 findings with same issue and target
*/
INSERT INTO targets VALUES ('a0000000-0000-0000-0000-000000000013', 'www.initial.double.v2.example.com');
INSERT INTO target_tags VALUES('a0000000-0000-0000-0000-000000000013', 'adrn:adevinta:team:initialdoublev2');
INSERT INTO target_teams VALUES('a0000000-0000-0000-0000-000000000013', 'a23502b7-ef43-4478-82b0-ed09fac9ec17');
INSERT INTO sources VALUES ('b0000000-0000-0000-0000-000000000013', 'vulcan', 'vulcan-initial-double-v2-check', 'bbbbbbbb-0000-0000-0000-000000000013', '{}', '2020-01-01 00:00:00', 'a0000000-0000-0000-0000-000000000013');
INSERT INTO issues VALUES ('c0000000-0000-0000-0000-000000000013', 'Initial double issue v2', 1, 'Initial double issue v2 description', NULL, '{}');
INSERT INTO source_issues VALUES ('b0000000-0000-0000-0000-000000000013', 'c0000000-0000-0000-0000-000000000013');
INSERT INTO findings VALUES ('f0000000-0000-0000-0000-000000000013', 'c0000000-0000-0000-0000-000000000013', 'a0000000-0000-0000-0000-000000000013', 'OPEN', '', NULL, 7, '', 'arn:aws:ec2:region:000011112222:vpc/vpc-99887766554433221', 'v2InitialBisFP');
INSERT INTO finding_events VALUES ('f0000000-0000-0000-0000-000000000013', 'b0000000-0000-0000-0000-000000000013', '2020-01-01 00:00:00', 'fe000000-0000-0000-0000-000000000013', 7, '', NULL, 'v2InitialBisFP');
INSERT INTO finding_exposures VALUES ('f0000000-0000-0000-0000-000000000013', '2020-01-01 00:00:00', NULL, NULL);

INSERT INTO sources VALUES ('b0000000-0000-0000-0000-000000000014', 'vulcan', 'vulcan-initial-double-v2-check', 'bbbbbbbb-0000-0000-0000-000000000014', '{}', '2020-01-01 01:00:00', 'a0000000-0000-0000-0000-000000000013');
INSERT INTO source_issues VALUES ('b0000000-0000-0000-0000-000000000014', 'c0000000-0000-0000-0000-000000000013');
INSERT INTO findings VALUES ('f0000000-0000-0000-0000-000000000014', 'c0000000-0000-0000-0000-000000000013', 'a0000000-0000-0000-0000-000000000013', 'OPEN', '', NULL, 7, '', 'arn:aws:ec2:region:333355557777:vpc/vpc-22553311007788996', 'v2InitialBis2FP');
INSERT INTO finding_events VALUES ('f0000000-0000-0000-0000-000000000014', 'b0000000-0000-0000-0000-000000000014', '2020-01-01 01:00:00', 'fe000000-0000-0000-0000-000000000014', 7, '', NULL, 'v2InitialBis2FP');
INSERT INTO finding_events VALUES ('f0000000-0000-0000-0000-000000000013', 'b0000000-0000-0000-0000-000000000014', '2020-01-01 01:00:00', 'fe000000-0000-0000-0000-000000000114', 7, '', NULL, 'v2InitialBisFP');
INSERT INTO finding_exposures VALUES ('f0000000-0000-0000-0000-000000000014', '2020-01-01 01:00:00', NULL, NULL);
